Title,Company,Location,Description,Posted,Job_Type,Apply_Source,Apply_URL,Via,Qualifications,Salary,Combined,Coverletter,recruiter_email,score,reason
Data Analyst,Freed,USA,"ABOUT FREED Doctors are overworked, burnt out, and are quitting in masses. At Freed, we combine clinician love with the latest AI tech and intense execution to create products that make clinicians happier. Our first product is an AI scribe that automates medical documentation. In 1 year we: Acquired 10,000 paying and loving clinicians and exceeded $11M ARR Generated 70,000 patient notes daily and over 1 million monthly Made thousands of clinicians happier With the backing of Sequoia, the best VC in the world, we are rapidly expanding our product offering. Patient facing assistant, patient insights, EHR integrations, and other products are being built and used by thousands of clinicians and millions of patients. We are looking for entrepreneurs. Fast, ambitious, and smart individuals who want to take care of the people who take care of our health. Expect intense, clinician-focused, and interesting co-workers who want to win. ABOUT THE ROLE We’re looking for a Data Analyst to join our growing Product team and support our data-driven culture. In this role, you will work directly with product managers, engineers, data analysts, and business stakeholders to harness data and empower teams to make faster and better decisions. This role focuses on execution, and you’ll uncover and deliver insights, build dashboards, track metrics, design experiments, and analyze results to drive decisions. You’ll work closely with our product teams; understand context, users, and goals; and actively contribute to Freed’s mission of improving clinician happiness. We’re seeking someone who thrives in a collaborative, fast-paced environment, has a sharp analytical mindset, and can turn data into actionable recommendations. HOW YOU’LL HAVE IMPACT Guide our teams to make better decisions with data Create metrics, dashboards, and experiments that give us a better understanding of our product and clinician behaviors Partner with stakeholders to translate their needs into clear analysis and insights Collaborate with engineers to improve data models, transparency, and accessibility WHAT YOU’LL BRING 2-4 years of professional experience in data analytics or a related field. High proficiency in SQL and data visualization tools. Comfort with scripting languages for data analysis (Python preferred, but R acceptable). Strong understanding of experiment design and A/B testing. Strong collaboration, communication, and ability to turn findings into recommendations. A proactive, independent work style and strong prioritization skills. Ability to wrangle messy startup data and work through high ambiguity. Deep curiosity, attention to detail, and bias towards action. WHAT WE WILL BRING Competitive salary and equity in a high-growth company. Opportunity to make an immediate impact. Medical, dental, and vision benefits for US-based employees. Unlimited PTO. Company-sponsored annual retreats.",2025-05-29T04:51:06,full_time,ashbyhq,https://jobs.ashbyhq.com/freed/57c33581-a4c1-475a-bef4-f0dc2f3f72c1?utm_source=remotive.com&ref=remotive.com,Remotive.com,,competitive salary and equity,"title: Data Analyst
company: Freed
location: USA
description: ABOUT FREED Doctors are overworked, burnt out, and are quitting in masses. At Freed, we combine clinician love with the latest AI tech and intense execution to create products that make clinicians happier. Our first product is an AI scribe that automates medical documentation. In 1 year we: Acquired 10,000 paying and loving clinicians and exceeded $11M ARR Generated 70,000 patient notes daily and over 1 million monthly Made thousands of clinicians happier With the backing of Sequoia, the best VC in the world, we are rapidly expanding our product offering. Patient facing assistant, patient insights, EHR integrations, and other products are being built and used by thousands of clinicians and millions of patients. We are looking for entrepreneurs. Fast, ambitious, and smart individuals who want to take care of the people who take care of our health. Expect intense, clinician-focused, and interesting co-workers who want to win. ABOUT THE ROLE We’re looking for a Data Analyst to join our growing Product team and support our data-driven culture. In this role, you will work directly with product managers, engineers, data analysts, and business stakeholders to harness data and empower teams to make faster and better decisions. This role focuses on execution, and you’ll uncover and deliver insights, build dashboards, track metrics, design experiments, and analyze results to drive decisions. You’ll work closely with our product teams; understand context, users, and goals; and actively contribute to Freed’s mission of improving clinician happiness. We’re seeking someone who thrives in a collaborative, fast-paced environment, has a sharp analytical mindset, and can turn data into actionable recommendations. HOW YOU’LL HAVE IMPACT Guide our teams to make better decisions with data Create metrics, dashboards, and experiments that give us a better understanding of our product and clinician behaviors Partner with stakeholders to translate their needs into clear analysis and insights Collaborate with engineers to improve data models, transparency, and accessibility WHAT YOU’LL BRING 2-4 years of professional experience in data analytics or a related field. High proficiency in SQL and data visualization tools. Comfort with scripting languages for data analysis (Python preferred, but R acceptable). Strong understanding of experiment design and A/B testing. Strong collaboration, communication, and ability to turn findings into recommendations. A proactive, independent work style and strong prioritization skills. Ability to wrangle messy startup data and work through high ambiguity. Deep curiosity, attention to detail, and bias towards action. WHAT WE WILL BRING Competitive salary and equity in a high-growth company. Opportunity to make an immediate impact. Medical, dental, and vision benefits for US-based employees. Unlimited PTO. Company-sponsored annual retreats.",,,,
Operations QA Data Analyst,Lendable,UK,"About Lendable Lendable is on a mission to make consumer finance amazing: faster, cheaper, and friendlier. We're building one of the world’s leading fintech companies and are off to a strong start: One of the UK’s newest unicorns with a team of just over 500 people Among the fastest-growing tech companies in the UK Profitable since 2017 Backed by top investors including Balderton Capital and Goldman Sachs Loved by customers with the best reviews in the market (4.9 across 10,000s of reviews on Trustpilot ) So far, we’ve rebuilt the Big Three consumer finance products from scratch: loans, credit cards and car finance . We get money into our customers’ hands in minutes instead of days. We’re growing fast, and there’s a lot more to do: we’re going after the two biggest Western markets (UK and US) where trillions worth of financial products are held by big banks with dated systems and painful processes. Join us if you want to Take ownership across a broad remit. You are trusted to make decisions that drive a material impact on the direction and success of Lendable from day 1 Work in small teams of exceptional people, who are relentlessly resourceful to solve problems and find smarter solutions than the status quo Build the best technology in-house , using new data sources, machine learning and AI to make machines do the heavy lifting About the Role We’re looking for a smart, data-driven Operational QA Data Analyst to join our Quality Assurance team and take the lead on analysis and reporting across QA, Training, and Governance. This role is all about using data to understand how we’re performing, spot areas for improvement, and help us deliver better customer outcomes at scale by suggesting and driving improvements to our operational strategy. You’ll be working closely with a team that reviews all customer interactions—making sure every customer receives excellent service and that we consistently deliver good customer outcomes . As QA evolves from manual checks to AI-automated processes, you’ll play a key role in shaping a data-led QA framework that supports this transformation. We’re looking for someone who not only understands data, but also knows what great customer outcomes look like—and can bring those two things together through clear, compelling analysis. You should be comfortable telling a story through data , confident presenting insights to senior stakeholders, and focused on using your work to drive real, measurable impact. Key Responsibilities Analyse and investigate data to identify potential sources of poor customer outcomes, collaborate with the QA team to understand the root causes, and partner with product teams to resolve identified issues. Support the QA team by identifying trends, risks, and opportunities through data-led monitoring of agent and automated–customer interactions Build audit-ready datasets and proactively spot inconsistencies to maintain data accuracy and integrity Translate complex datasets into clear, actionable insights and recommendations for senior stakeholders Deliver intuitive dashboards and reports that communicate the story behind the data Own end-to-end analytical projects—from scoping requirements through to delivery and feedback Work with ETL tools (e.g., DBT or similar) to streamline data workflows and ensure scalable, reliable reporting Apply statistical thinking to support robust decision-making and QA process improvements Contribute to the design and rollout of an AI-automated QA framework through deep analysis and insight generation Data & Technical Responsibilities Write and optimise complex SQL queries to extract, transform, and analyse data Ensure data pipelines are accurate, well-documented, and built for scale (Desirable) Use DBT and Python to enhance and automate transformation processes and analysis workflows Maintain a high standard of data hygiene , including reconciliation, validation, and version control Cross-Team Collaboration Work closely with the QA team to ensure insights directly influence how we monitor and improve customer interactions Partner with Product, Risk, Ops Analytics, and other operational teams to align on priorities and improve how data is used across the business Confidently present findings and tell the story behind the numbers to both technical and non-technical audiences What We’re Looking For Essential Skills & Experience Strong SQL skills , with experience writing and optimising complex queries A strong understanding of what drives great customer outcomes —and a desire to improve them Proven ability to analyse data and translate it into clear, actionable insights Excellent communication skills —you can explain complex analysis in a way that makes sense to different audiences Confident in presenting insights and recommendations to senior stakeholders Experience working with dashboarding tools (tool agnostic—what matters is your ability to tell a compelling story through data) High attention to detail —you notice if something’s slightly off and take pride in getting it right Curious, adaptable, and comfortable working in a fast-evolving environment, particularly with AI-enabled QA tools Ability to think critically, challenge assumptions, and identify patterns and trends in data A solid foundation in statistics and data validation to ensure credible analysis and insight Familiarity with data integrity, reconciliation, and documentation best practices Desirable Skills Proficiency in Python and DBT for data transformation and automation Experience with operational or customer service data, especially in regulated environments Familiarity with FCA, QA, and risk reporting frameworks Experience automating reporting workflows and improving MI processes Exposure to financial services or operational risk analytics The Interview Process Application with questions A remote call with a member of the Talent Team An onsite interview including competancy questions and technical test Life at Lendable The opportunity to scale up one of the world’s most successful fintech companies . Best-in-class compensation , including equity. You can work from home every Monday and Friday if you wish - on the other days, those based in the UK come together IRL at our Shoreditch office in London to be together, build and exchange ideas. Enjoy a fully stocked kitchen with everything you need to whip up breakfast, lunch, snacks, and drinks in the office every Tuesday-Thursday. We care for our Lendies’ well-being both physically and mentally, so we offer coverage when it comes to private health insurance We're an equal-opportunity employer and are looking to make Lendable the most inclusive and open workspace in London Check out our blog !",2025-05-23T16:50:42,full_time,ashbyhq,https://jobs.ashbyhq.com/lendable/6de90ef0-5c2f-4a2a-8ab5-4ff8de536a49?utm_source=remotive.com&ref=remotive.com,Remotive.com,,,"title: Operations QA Data Analyst
company: Lendable
location: UK
description: About Lendable Lendable is on a mission to make consumer finance amazing: faster, cheaper, and friendlier. We're building one of the world’s leading fintech companies and are off to a strong start: One of the UK’s newest unicorns with a team of just over 500 people Among the fastest-growing tech companies in the UK Profitable since 2017 Backed by top investors including Balderton Capital and Goldman Sachs Loved by customers with the best reviews in the market (4.9 across 10,000s of reviews on Trustpilot ) So far, we’ve rebuilt the Big Three consumer finance products from scratch: loans, credit cards and car finance . We get money into our customers’ hands in minutes instead of days. We’re growing fast, and there’s a lot more to do: we’re going after the two biggest Western markets (UK and US) where trillions worth of financial products are held by big banks with dated systems and painful processes. Join us if you want to Take ownership across a broad remit. You are trusted to make decisions that drive a material impact on the direction and success of Lendable from day 1 Work in small teams of exceptional people, who are relentlessly resourceful to solve problems and find smarter solutions than the status quo Build the best technology in-house , using new data sources, machine learning and AI to make machines do the heavy lifting About the Role We’re looking for a smart, data-driven Operational QA Data Analyst to join our Quality Assurance team and take the lead on analysis and reporting across QA, Training, and Governance. This role is all about using data to understand how we’re performing, spot areas for improvement, and help us deliver better customer outcomes at scale by suggesting and driving improvements to our operational strategy. You’ll be working closely with a team that reviews all customer interactions—making sure every customer receives excellent service and that we consistently deliver good customer outcomes . As QA evolves from manual checks to AI-automated processes, you’ll play a key role in shaping a data-led QA framework that supports this transformation. We’re looking for someone who not only understands data, but also knows what great customer outcomes look like—and can bring those two things together through clear, compelling analysis. You should be comfortable telling a story through data , confident presenting insights to senior stakeholders, and focused on using your work to drive real, measurable impact. Key Responsibilities Analyse and investigate data to identify potential sources of poor customer outcomes, collaborate with the QA team to understand the root causes, and partner with product teams to resolve identified issues. Support the QA team by identifying trends, risks, and opportunities through data-led monitoring of agent and automated–customer interactions Build audit-ready datasets and proactively spot inconsistencies to maintain data accuracy and integrity Translate complex datasets into clear, actionable insights and recommendations for senior stakeholders Deliver intuitive dashboards and reports that communicate the story behind the data Own end-to-end analytical projects—from scoping requirements through to delivery and feedback Work with ETL tools (e.g., DBT or similar) to streamline data workflows and ensure scalable, reliable reporting Apply statistical thinking to support robust decision-making and QA process improvements Contribute to the design and rollout of an AI-automated QA framework through deep analysis and insight generation Data & Technical Responsibilities Write and optimise complex SQL queries to extract, transform, and analyse data Ensure data pipelines are accurate, well-documented, and built for scale (Desirable) Use DBT and Python to enhance and automate transformation processes and analysis workflows Maintain a high standard of data hygiene , including reconciliation, validation, and version control Cross-Team Collaboration Work closely with the QA team to ensure insights directly influence how we monitor and improve customer interactions Partner with Product, Risk, Ops Analytics, and other operational teams to align on priorities and improve how data is used across the business Confidently present findings and tell the story behind the numbers to both technical and non-technical audiences What We’re Looking For Essential Skills & Experience Strong SQL skills , with experience writing and optimising complex queries A strong understanding of what drives great customer outcomes —and a desire to improve them Proven ability to analyse data and translate it into clear, actionable insights Excellent communication skills —you can explain complex analysis in a way that makes sense to different audiences Confident in presenting insights and recommendations to senior stakeholders Experience working with dashboarding tools (tool agnostic—what matters is your ability to tell a compelling story through data) High attention to detail —you notice if something’s slightly off and take pride in getting it right Curious, adaptable, and comfortable working in a fast-evolving environment, particularly with AI-enabled QA tools Ability to think critically, challenge assumptions, and identify patterns and trends in data A solid foundation in statistics and data validation to ensure credible analysis and insight Familiarity with data integrity, reconciliation, and documentation best practices Desirable Skills Proficiency in Python and DBT for data transformation and automation Experience with operational or customer service data, especially in regulated environments Familiarity with FCA, QA, and risk reporting frameworks Experience automating reporting workflows and improving MI processes Exposure to financial services or operational risk analytics The Interview Process Application with questions A remote call with a member of the Talent Team An onsite interview including competancy questions and technical test Life at Lendable The opportunity to scale up one of the world’s most successful fintech companies . Best-in-class compensation , including equity. You can work from home every Monday and Friday if you wish - on the other days, those based in the UK come together IRL at our Shoreditch office in London to be together, build and exchange ideas. Enjoy a fully stocked kitchen with everything you need to whip up breakfast, lunch, snacks, and drinks in the office every Tuesday-Thursday. We care for our Lendies’ well-being both physically and mentally, so we offer coverage when it comes to private health insurance We're an equal-opportunity employer and are looking to make Lendable the most inclusive and open workspace in London Check out our blog !",,,,
"Data Analyst, Autonomy",Serve Robotics,"USA, Canada","At Serve Robotics, we’re reimagining how things move in cities. Our personable sidewalk robot is our vision for the future. It’s designed to take deliveries away from congested streets, make deliveries available to more people, and benefit local businesses. The Serve fleet has been delighting merchants, customers, and pedestrians along the way in Los Angeles while doing commercial deliveries. We’re looking for talented individuals who will grow robotic deliveries from surprising novelty to efficient ubiquity. Who We Are We are tech industry veterans in software, hardware, and design who are pooling our skills to build the future we want to live in. We are solving real-world problems leveraging robotics, machine learning and computer vision, among other disciplines, with a mindful eye towards the end-to-end user experience. Our team is agile, diverse, and driven. We believe that the best way to solve complicated dynamic problems is collaboratively and respectfully. Join Serve Robotics as our Senior Analyst to revolutionize the future of autonomous last-mile delivery. In this role, you'll work cross-functionally to uncover insights, optimize processes, and drive strategic decisions to fuel our rapid growth. You’ll thrive in a dynamic, fast paced environment—balancing deep analytical rigor and competing priorities to deliver impactful recommendations. As a key member of the analytics team, you'll help define how we measure success, guide new market expansion, and continuously improve Fleet operations. Your curiosity and ability to turn messy data into actionable insights will be essential and will directly influence real-world operations. Key Responsibilities Data Analysis & Insights Generation Analyze extensive data from robot operations to identify key factors causing stoppages and performance issues. Develop methodologies to slice and dice data meaningfully, uncovering trends and insights that inform decision-making. Support the autonomy team by providing data-driven insights on system performance, failures, and optimization opportunities. Identify interesting trends beyond core operational issues to help shape the long-term autonomy roadmap. Metrics & KPI Development Define, manage, and refine key performance indicators (KPIs) for feature development and deployment. Ensure that KPIs and metrics are well-maintained, statistically significant, and meaningfully contribute to product improvements. Work closely with engineering and product teams to ensure that features achieve their intended outcomes through well-designed metrics. Establish statistical methodologies to evaluate the significance and reliability of collected data. Dashboarding & Reporting Build and maintain dashboards and reporting tools to help engineering teams to get insights in robot performance Automate reporting processes to track feature effectiveness and operational performance over time. Provide visibility into KPIs across stakeholders, ensuring alignment on priorities and progress. Testing & Operational Design Domain (ODD). Define frameworks to measure the statistical significance of metrics collected in production and testing environments. Determine if the current test coverage is an accurate representation of real-world scenarios and ensure sufficient data collection for validation. Assess how much data is required for statistically significant conclusions about autonomy features. Provide confidence intervals and statistical significance measures for KPI monitoring in production. Support A/B testing and experimental analysis for new autonomy features. Qualifications 3+ years of experience in data modeling and analysis, preferably in robotics, autonomous systems, or logistics. Advanced Proficiency in SQL for data exploration, transformation, and analysis across large datasets Proven expertise in using data visualization and BI tools (e.g., Tableau, Looker) to communicate insights and support decision-making. Strong programming skills in Python or R for data manipulation and statistical analysis. Deep understanding of statistical analysis, hypothesis testing, and experimental design. Ability to clearly communicate data findings and help turn insights into practical next steps for stakeholders. What makes you stand out Familiarity with machine learning concepts Experience working with autonomy teams and understanding robotic KPIs Basic understanding of data ingestion pipelines, data partitioning, and performance optimization in a cloud environment.",2025-05-12T18:51:04,full_time,ashbyhq,https://jobs.ashbyhq.com/serverobotics/5cf8ab40-b4cc-437d-8dce-c9145adca17d?utm_source=remotive.com&ref=remotive.com,Remotive.com,,,"title: Data Analyst, Autonomy
company: Serve Robotics
location: USA, Canada
description: At Serve Robotics, we’re reimagining how things move in cities. Our personable sidewalk robot is our vision for the future. It’s designed to take deliveries away from congested streets, make deliveries available to more people, and benefit local businesses. The Serve fleet has been delighting merchants, customers, and pedestrians along the way in Los Angeles while doing commercial deliveries. We’re looking for talented individuals who will grow robotic deliveries from surprising novelty to efficient ubiquity. Who We Are We are tech industry veterans in software, hardware, and design who are pooling our skills to build the future we want to live in. We are solving real-world problems leveraging robotics, machine learning and computer vision, among other disciplines, with a mindful eye towards the end-to-end user experience. Our team is agile, diverse, and driven. We believe that the best way to solve complicated dynamic problems is collaboratively and respectfully. Join Serve Robotics as our Senior Analyst to revolutionize the future of autonomous last-mile delivery. In this role, you'll work cross-functionally to uncover insights, optimize processes, and drive strategic decisions to fuel our rapid growth. You’ll thrive in a dynamic, fast paced environment—balancing deep analytical rigor and competing priorities to deliver impactful recommendations. As a key member of the analytics team, you'll help define how we measure success, guide new market expansion, and continuously improve Fleet operations. Your curiosity and ability to turn messy data into actionable insights will be essential and will directly influence real-world operations. Key Responsibilities Data Analysis & Insights Generation Analyze extensive data from robot operations to identify key factors causing stoppages and performance issues. Develop methodologies to slice and dice data meaningfully, uncovering trends and insights that inform decision-making. Support the autonomy team by providing data-driven insights on system performance, failures, and optimization opportunities. Identify interesting trends beyond core operational issues to help shape the long-term autonomy roadmap. Metrics & KPI Development Define, manage, and refine key performance indicators (KPIs) for feature development and deployment. Ensure that KPIs and metrics are well-maintained, statistically significant, and meaningfully contribute to product improvements. Work closely with engineering and product teams to ensure that features achieve their intended outcomes through well-designed metrics. Establish statistical methodologies to evaluate the significance and reliability of collected data. Dashboarding & Reporting Build and maintain dashboards and reporting tools to help engineering teams to get insights in robot performance Automate reporting processes to track feature effectiveness and operational performance over time. Provide visibility into KPIs across stakeholders, ensuring alignment on priorities and progress. Testing & Operational Design Domain (ODD). Define frameworks to measure the statistical significance of metrics collected in production and testing environments. Determine if the current test coverage is an accurate representation of real-world scenarios and ensure sufficient data collection for validation. Assess how much data is required for statistically significant conclusions about autonomy features. Provide confidence intervals and statistical significance measures for KPI monitoring in production. Support A/B testing and experimental analysis for new autonomy features. Qualifications 3+ years of experience in data modeling and analysis, preferably in robotics, autonomous systems, or logistics. Advanced Proficiency in SQL for data exploration, transformation, and analysis across large datasets Proven expertise in using data visualization and BI tools (e.g., Tableau, Looker) to communicate insights and support decision-making. Strong programming skills in Python or R for data manipulation and statistical analysis. Deep understanding of statistical analysis, hypothesis testing, and experimental design. Ability to clearly communicate data findings and help turn insights into practical next steps for stakeholders. What makes you stand out Familiarity with machine learning concepts Experience working with autonomy teams and understanding robotic KPIs Basic understanding of data ingestion pipelines, data partitioning, and performance optimization in a cloud environment.",,,,
Senior Data Engineer,Hatch,USA,"HATCH https://www.usehatchapp.com/ Senior Data Engineer MUST BE BASED IN THE US/Canada- (CST, EST ) About Hatch At Hatch, we’re building AI that doesn’t just assist behind the scenes; it converses with customers out in the wild. Backed by Y Combinator and top-tier investors like Bessemer and NextView, we’re scaling fast, doubling revenue year over year, and looking for A players to help us cement our place as the category leader in AI for customer engagement. About the Role We are looking for a skilled Senior Data Engineer to join our growing data team. You will be responsible for building, optimizing, and maintaining data pipelines and architectures that support our analytics, reporting, and AI initiatives. The ideal candidate is experienced in data integration, data warehousing, and working with large-scale data processing systems. As a Data Engineer , you’ll join a team that’s pushing the boundaries of AI, systems design, and user experience. This role is for builders who think at scale, lead by example, and thrive in a fast-paced, high-growth environment. Key Responsibilities Design, construct, test, and maintain scalable data pipelines and ETL processes. Build and maintain data architectures (e.g., databases, data lakes, warehouses). Collaborate with data analysts, data scientists, and software engineers to support data needs. Optimize data workflows for performance and reliability. Implement data quality, validation, and governance practices. Integrate data from various sources, including APIs, databases, and flat files. Maintain up-to-date documentation for data pipelines and schemas. Monitor and troubleshoot pipeline performance and failures. What We're Looking For 5+ years of data engineering experience, including significant time as a senior/staff engineer. Proficiency in SQL and at least one programming language (e.g., Python,Golang, Scala). Experience with ETL tools (e.g., Apache Airflow, Talend, DBT). Familiarity with cloud platforms (AWS or GCP) and services like S3, Redshift, BigQuery, or Snowflake. Experience with distributed data processing frameworks (e.g., Apache Spark, Kafka). Strong understanding of data modeling, warehousing, and data governance best practices. Deep expertise in one or more of the following: Python, Go, or another backend language; experience with microservices is a plus. Solid understanding of databases (PostgreSQL, Redis, etc.) and data architecture. Experience working closely with or supporting ML and LLM-powered systems in production. Familiarity with ML model inference, vector databases, prompt engineering, and API integrations for LLMs. Excellent collaboration and communication skills — you bring others along and elevate those around you. Product-oriented mindset — you care deeply about building systems that meet real user needs. Experience mentoring engineers and leading technical projects or cross-team initiatives. Nice to Have Experience working in a fast-growing startup environment. Knowledge of CI/CD for data pipelines. Familiarity with containerization (Docker, Kubernetes) and orchestration tools. What We Offer Competitive salary and equity Remote (Eastern or Central Time Zone required) OR Hybrid work environment (3 days/week in our NYC office) Medical, dental, and vision benefits 401(k) plan Flexible PTO Opportunity to build at the ground floor of a high-growth, mission-driven company Not offering sponsorship Why Hatch Shape the future of AI-driven customer service Build alongside founders and leaders who value speed, ownership, and ambition Solve hard problems that impact real businesses and customers Join a team of builders who care about great engineering, fast execution, and each other",2025-05-12T14:50:38,full_time,ashbyhq,https://jobs.ashbyhq.com/hatch/977f8ecd-96e5-4f10-972e-484b5f986fa5?utm_source=remotive.com&ref=remotive.com,Remotive.com,,competitive salary and equity,"title: Senior Data Engineer
company: Hatch
location: USA
description: HATCH https://www.usehatchapp.com/ Senior Data Engineer MUST BE BASED IN THE US/Canada- (CST, EST ) About Hatch At Hatch, we’re building AI that doesn’t just assist behind the scenes; it converses with customers out in the wild. Backed by Y Combinator and top-tier investors like Bessemer and NextView, we’re scaling fast, doubling revenue year over year, and looking for A players to help us cement our place as the category leader in AI for customer engagement. About the Role We are looking for a skilled Senior Data Engineer to join our growing data team. You will be responsible for building, optimizing, and maintaining data pipelines and architectures that support our analytics, reporting, and AI initiatives. The ideal candidate is experienced in data integration, data warehousing, and working with large-scale data processing systems. As a Data Engineer , you’ll join a team that’s pushing the boundaries of AI, systems design, and user experience. This role is for builders who think at scale, lead by example, and thrive in a fast-paced, high-growth environment. Key Responsibilities Design, construct, test, and maintain scalable data pipelines and ETL processes. Build and maintain data architectures (e.g., databases, data lakes, warehouses). Collaborate with data analysts, data scientists, and software engineers to support data needs. Optimize data workflows for performance and reliability. Implement data quality, validation, and governance practices. Integrate data from various sources, including APIs, databases, and flat files. Maintain up-to-date documentation for data pipelines and schemas. Monitor and troubleshoot pipeline performance and failures. What We're Looking For 5+ years of data engineering experience, including significant time as a senior/staff engineer. Proficiency in SQL and at least one programming language (e.g., Python,Golang, Scala). Experience with ETL tools (e.g., Apache Airflow, Talend, DBT). Familiarity with cloud platforms (AWS or GCP) and services like S3, Redshift, BigQuery, or Snowflake. Experience with distributed data processing frameworks (e.g., Apache Spark, Kafka). Strong understanding of data modeling, warehousing, and data governance best practices. Deep expertise in one or more of the following: Python, Go, or another backend language; experience with microservices is a plus. Solid understanding of databases (PostgreSQL, Redis, etc.) and data architecture. Experience working closely with or supporting ML and LLM-powered systems in production. Familiarity with ML model inference, vector databases, prompt engineering, and API integrations for LLMs. Excellent collaboration and communication skills — you bring others along and elevate those around you. Product-oriented mindset — you care deeply about building systems that meet real user needs. Experience mentoring engineers and leading technical projects or cross-team initiatives. Nice to Have Experience working in a fast-growing startup environment. Knowledge of CI/CD for data pipelines. Familiarity with containerization (Docker, Kubernetes) and orchestration tools. What We Offer Competitive salary and equity Remote (Eastern or Central Time Zone required) OR Hybrid work environment (3 days/week in our NYC office) Medical, dental, and vision benefits 401(k) plan Flexible PTO Opportunity to build at the ground floor of a high-growth, mission-driven company Not offering sponsorship Why Hatch Shape the future of AI-driven customer service Build alongside founders and leaders who value speed, ownership, and ambition Solve hard problems that impact real businesses and customers Join a team of builders who care about great engineering, fast execution, and each other",,,,
Data Analyst,Devsavant,LATAM,"At DevSavant, we are a trusted technology partner delivering cutting-edge solutions across Software Development, Data Engineering, AI/Machine Learning, Cloud Services, Automation Testing, and UI/UX Design. We are driven by a commitment to excellence and measurable results. Our team is our greatest asset—we foster a culture of growth, collaboration, and well-being. Join us and thrive in an environment designed for success. Our client is a leading data and analytics startup focused on the U.S. Subscription Economy. They help brands better understand subscriber behavior through standardized metrics, competitive benchmarks, syndicated insights, and market intelligence, empowering them to build best-in-class businesses and make informed strategic decisions in a rapidly evolving landscape. We're looking for a Data Analyst to join the Data Operations team to ensure accurate and timely data delivery to internal stakeholders and customers. In this role, you’ll be expected to partner with the commercial team to deliver high-quality custom data solutions that enable customers to make key business decisions with zero friction. You will have the opportunity to collaborate with your team members in Data Operations, as well as Insight Analysts, Customer Success, Sales, Marketing, and even customers directly. You will report to the VP, Data Operations. We are looking for candidates who can work during US business hours. What You’ll Do Leverage our complex data pipeline to design data solutions that ensure accurate and timely delivery of data to internal and external stakeholders. Own the QA process of data, ensuring we consistently deliver reliable and accurate data. Partner with our technical and commercial teams to ensure that custom data products are shipped rapidly without compromising high data quality standards Proactively collaborate with the commercial team, as well as our customers, to identify opportunities to drive high-impact strategic decisions. What the Day-to-Day Looks Like Review and manage all Quality Assurance DBT tests. Leverage and organize QA dashboards in Redash to investigate trends. Analyze data quality investigations and collaborate with engineering and other analysts. Collaborate with Data Ops and Product Marketing, and Engineering when deploying data for customer use. Implement LookML updates to coordinate monthly data releases in Looker. Assist with new coverage feasibility. Who You Are Strong knowledge and experience with SQL (2+ Years), Excel, and business intelligence tools (eg, Looker, Redash). Some experience with DBT. Ability to organize and analyze large amounts of data with great attention to detail and accuracy. Strong critical thinking and analysis fundamentals, and passionate about applying them to solve complex, open-ended problems. Proven track record of collaborating with internal and external stakeholders to improve operational processes, prioritizing customer needs. Communicate complex technical analyses with ease, and value actionable feedback and respectful candor. Self-starter with the capacity to deliver on multiple initiatives, prioritize time and resources, and meet deadlines in a fast-paced startup environment. Advanced English proficiency (B2-C1). Please submit a resume in English .in the application. Bonus: Passionate about the Subscription Economy – streaming and the rest – and have a deep understanding of key players in the digital subscription market.",2025-05-02T02:51:24,full_time,ashbyhq,https://jobs.ashbyhq.com/devsavant/70aee6e1-7105-4a97-b9aa-fcd5efee717b?utm_source=remotive.com&ref=remotive.com,Remotive.com,,,"title: Data Analyst
company: Devsavant
location: LATAM
description: At DevSavant, we are a trusted technology partner delivering cutting-edge solutions across Software Development, Data Engineering, AI/Machine Learning, Cloud Services, Automation Testing, and UI/UX Design. We are driven by a commitment to excellence and measurable results. Our team is our greatest asset—we foster a culture of growth, collaboration, and well-being. Join us and thrive in an environment designed for success. Our client is a leading data and analytics startup focused on the U.S. Subscription Economy. They help brands better understand subscriber behavior through standardized metrics, competitive benchmarks, syndicated insights, and market intelligence, empowering them to build best-in-class businesses and make informed strategic decisions in a rapidly evolving landscape. We're looking for a Data Analyst to join the Data Operations team to ensure accurate and timely data delivery to internal stakeholders and customers. In this role, you’ll be expected to partner with the commercial team to deliver high-quality custom data solutions that enable customers to make key business decisions with zero friction. You will have the opportunity to collaborate with your team members in Data Operations, as well as Insight Analysts, Customer Success, Sales, Marketing, and even customers directly. You will report to the VP, Data Operations. We are looking for candidates who can work during US business hours. What You’ll Do Leverage our complex data pipeline to design data solutions that ensure accurate and timely delivery of data to internal and external stakeholders. Own the QA process of data, ensuring we consistently deliver reliable and accurate data. Partner with our technical and commercial teams to ensure that custom data products are shipped rapidly without compromising high data quality standards Proactively collaborate with the commercial team, as well as our customers, to identify opportunities to drive high-impact strategic decisions. What the Day-to-Day Looks Like Review and manage all Quality Assurance DBT tests. Leverage and organize QA dashboards in Redash to investigate trends. Analyze data quality investigations and collaborate with engineering and other analysts. Collaborate with Data Ops and Product Marketing, and Engineering when deploying data for customer use. Implement LookML updates to coordinate monthly data releases in Looker. Assist with new coverage feasibility. Who You Are Strong knowledge and experience with SQL (2+ Years), Excel, and business intelligence tools (eg, Looker, Redash). Some experience with DBT. Ability to organize and analyze large amounts of data with great attention to detail and accuracy. Strong critical thinking and analysis fundamentals, and passionate about applying them to solve complex, open-ended problems. Proven track record of collaborating with internal and external stakeholders to improve operational processes, prioritizing customer needs. Communicate complex technical analyses with ease, and value actionable feedback and respectful candor. Self-starter with the capacity to deliver on multiple initiatives, prioritize time and resources, and meet deadlines in a fast-paced startup environment. Advanced English proficiency (B2-C1). Please submit a resume in English .in the application. Bonus: Passionate about the Subscription Economy – streaming and the rest – and have a deep understanding of key players in the digital subscription market.",,,,
HR Data Analyst,Virta Health,USA,"Virta Health is pioneering a new standard of care for people to reclaim their lives. We are in the midst of a public health crisis: obesity rates are at an all-time high and over half of US adults have type 2 diabetes or prediabetes, and despite billions spent on new treatments, outcomes are largely worse. Virta reverses these diseases and delivers life-changing results by pairing individualized nutrition with ongoing care from a clinical support team. We have raised over $350 million from top-tier investors, and partner with the largest health plans, employers, and government organizations to help their employees and members restore their health and take back their lives. We’re looking for a HR Data Analyst. This role serves as the system owner for our HRIS, managing configuration, data integrity, and system improvements in partnership with IT and vendors. They support key People workflows by building reliable reporting infrastructure and delivering accurate, actionable insights through dashboards and ad hoc analysis. This role collaborates across Talent, Total Rewards, Finance, and IT to streamline processes, ensure data flows seamlessly, and help us better leverage technology to improve the employee experience. Responsibilities HRIS Ownership & Optimization Serve as the system owner for our HRIS (e.g. ADP, Workday,BambooHR), managing configuration, workflows, and data integrity. Partner with IT and vendors to implement system upgrades, integrations, and new modules. Troubleshoot issues and act as the primary point of contact for HRIS-related questions. People Analytics & Reporting Run and ensure the data quality of reports used to guide business decisions including the reporting infrastructure for workflows like talent reviews, performance and compensation cycles, employee engagement planning and more Build dashboards and decks that deliver actionable insights to People leadership and business partners. Provide the data backing for Ad Hoc requests and asks across the people function Cross-Functional Collaboration Work closely with Talent, Total Rewards, Finance, and IT teams to ensure HR data flows accurately and securely between systems. Recommend and implement efficiency gains for common workflows Serve as a thought partner on how we leverage technology and data to improve the employee experience and business outcomes. 90 Day Plan People & Priorities Meet 1:1 with key stakeholders across TR, HR, IT, Finance, and Exec teams to understand needs and expectations and establish communication cadences HRIS Foundations Audit current HRIS setup: workflows, permissions, integrations, data quality Create or update system documentation, including data flow maps and access protocols Identify and prioritize fixes or improvements to core workflows (e.g., onboarding, job changes) Propose a 6–12 month HRIS improvement plan, aligned to business and team needs Analytics & Insights Define and document “core metrics” (e.g., headcount, turnover, DEI, internal mobility) Set up a scalable process for ongoing reporting and on-demand data requests Must-Haves 5+ years of experience in HRIS, people analytics, or people operations roles, preferably in a high-growth or tech environment. Strong Excel/Google Sheets skills; bonus points for SQL, Python, or experience with BI tools (e.g., Tableau, Looker, Power BI). Hands-on experience with one or more major HRIS platforms (ADP, Workday, UKG) Strong project management and communication skills; able to work cross-functionally and translate technical concepts for non-technical audiences. Consultative skills to partner with stakeholders on discovery and solutioning Detail-oriented, analytical mindset with a passion for solving complex problems through systems and data. Values-driven culture Virta’s company values drive our culture, so you’ll do well if: You put people first and take care of yourself, your peers, and our patients equally You have a strong sense of ownership and take initiative while empowering others to do the same You prioritize positive impact over busy work You have no ego and understand that everyone has something to bring to the table regardless of experience You appreciate transparency and promote trust and empowerment through open access of information You are evidence-based and prioritize data and science over seniority or dogma You take risks and rapidly iterate Virta has a location based compensation structure. Starting pay will be based on a number of factors and commensurate with qualifications & experience. For this role, the compensation range is $92,129 - $108,386. Information about Virta’s benefits is on our Careers page at: https://www.virtahealth.com/careers . As part of your duties at Virta, you may come in contact with sensitive patient information that is governed by HIPAA. Throughout your career at Virta, you will be expected to follow Virta's security and privacy procedures to ensure our patients' information remains strictly confidential. Security and privacy training will be provided. As a remote-first company, our team is spread across various locations with office hubs in Denver and San Francisco. We currently do not hire in the following states: AK, AR, DE, HI, ME, MS, NM, OK, SD, VT, WI. #LI-remote",2025-04-26T14:50:38,full_time,ashbyhq,https://jobs.ashbyhq.com/virtahealth/0a516307-5d03-4b3d-a22e-4de35636d364?utm_source=remotive.com&ref=remotive.com,Remotive.com,,"$92,129 - $108,386","title: HR Data Analyst
company: Virta Health
location: USA
description: Virta Health is pioneering a new standard of care for people to reclaim their lives. We are in the midst of a public health crisis: obesity rates are at an all-time high and over half of US adults have type 2 diabetes or prediabetes, and despite billions spent on new treatments, outcomes are largely worse. Virta reverses these diseases and delivers life-changing results by pairing individualized nutrition with ongoing care from a clinical support team. We have raised over $350 million from top-tier investors, and partner with the largest health plans, employers, and government organizations to help their employees and members restore their health and take back their lives. We’re looking for a HR Data Analyst. This role serves as the system owner for our HRIS, managing configuration, data integrity, and system improvements in partnership with IT and vendors. They support key People workflows by building reliable reporting infrastructure and delivering accurate, actionable insights through dashboards and ad hoc analysis. This role collaborates across Talent, Total Rewards, Finance, and IT to streamline processes, ensure data flows seamlessly, and help us better leverage technology to improve the employee experience. Responsibilities HRIS Ownership & Optimization Serve as the system owner for our HRIS (e.g. ADP, Workday,BambooHR), managing configuration, workflows, and data integrity. Partner with IT and vendors to implement system upgrades, integrations, and new modules. Troubleshoot issues and act as the primary point of contact for HRIS-related questions. People Analytics & Reporting Run and ensure the data quality of reports used to guide business decisions including the reporting infrastructure for workflows like talent reviews, performance and compensation cycles, employee engagement planning and more Build dashboards and decks that deliver actionable insights to People leadership and business partners. Provide the data backing for Ad Hoc requests and asks across the people function Cross-Functional Collaboration Work closely with Talent, Total Rewards, Finance, and IT teams to ensure HR data flows accurately and securely between systems. Recommend and implement efficiency gains for common workflows Serve as a thought partner on how we leverage technology and data to improve the employee experience and business outcomes. 90 Day Plan People & Priorities Meet 1:1 with key stakeholders across TR, HR, IT, Finance, and Exec teams to understand needs and expectations and establish communication cadences HRIS Foundations Audit current HRIS setup: workflows, permissions, integrations, data quality Create or update system documentation, including data flow maps and access protocols Identify and prioritize fixes or improvements to core workflows (e.g., onboarding, job changes) Propose a 6–12 month HRIS improvement plan, aligned to business and team needs Analytics & Insights Define and document “core metrics” (e.g., headcount, turnover, DEI, internal mobility) Set up a scalable process for ongoing reporting and on-demand data requests Must-Haves 5+ years of experience in HRIS, people analytics, or people operations roles, preferably in a high-growth or tech environment. Strong Excel/Google Sheets skills; bonus points for SQL, Python, or experience with BI tools (e.g., Tableau, Looker, Power BI). Hands-on experience with one or more major HRIS platforms (ADP, Workday, UKG) Strong project management and communication skills; able to work cross-functionally and translate technical concepts for non-technical audiences. Consultative skills to partner with stakeholders on discovery and solutioning Detail-oriented, analytical mindset with a passion for solving complex problems through systems and data. Values-driven culture Virta’s company values drive our culture, so you’ll do well if: You put people first and take care of yourself, your peers, and our patients equally You have a strong sense of ownership and take initiative while empowering others to do the same You prioritize positive impact over busy work You have no ego and understand that everyone has something to bring to the table regardless of experience You appreciate transparency and promote trust and empowerment through open access of information You are evidence-based and prioritize data and science over seniority or dogma You take risks and rapidly iterate Virta has a location based compensation structure. Starting pay will be based on a number of factors and commensurate with qualifications & experience. For this role, the compensation range is $92,129 - $108,386. Information about Virta’s benefits is on our Careers page at: https://www.virtahealth.com/careers . As part of your duties at Virta, you may come in contact with sensitive patient information that is governed by HIPAA. Throughout your career at Virta, you will be expected to follow Virta's security and privacy procedures to ensure our patients' information remains strictly confidential. Security and privacy training will be provided. As a remote-first company, our team is spread across various locations with office hubs in Denver and San Francisco. We currently do not hire in the following states: AK, AR, DE, HI, ME, MS, NM, OK, SD, VT, WI. #LI-remote",,,,
Senior Data Analyst,Atlan,India,"Data is at the core of modern business, yet many teams struggle with its overwhelming volume and complexity. At Atlan, we’re changing that. As the world’s first active metadata platform, we help organisations transform data chaos into clarity and seamless collaboration. From Fortune 500 leaders to hyper-growth startups, from automotive innovators redefining mobility to healthcare organisations saving lives, and from Wall Street powerhouses to Silicon Valley trailblazers — we empower ambitious teams across industries to unlock the full potential of their data. Recognised as leaders by Gartner and Forrester and backed by Insight Partners, Atlan is at the forefront of reimagining how humans and data work together. Joining us means becoming part of a movement to shape a future where data drives extraordinary outcomes. Why is this role important for us? Atlan thrives on making smart, data-informed decisions. As a Senior Data Analyst, you are central to this. You'll dive deep into our data to uncover critical insights that others miss. You won't just report numbers; you'll translate data into clear stories and actionable recommendations. Your work will directly shape strategy, guide cross-functional teams, and accelerate Atlan's growth by ensuring we act on robust evidence and insights, approached with an AI-first mindset. What is your mission? Your mission is to be a catalyst for data-driven decision-making across Atlan. You will partner closely with various teams (like Product, Marketing, Sales, and Success) to understand their challenges and opportunities. You'll conduct in-depth analyses, design experiments, and identify key trends using SQL, our BI platform (Sigma), and potentially Python/R for advanced techniques. You will champion an AI-first approach to analysis, seeking innovative ways to extract deeper meaning. Your goal is to deliver compelling insights and clear recommendations that empower your stakeholders to achieve better outcomes. What makes you an ideal match? We're looking for a curious, analytical, and collaborative individual passionate about using data to solve problems. Technical Skills: You have strong SQL skills and experience wrangling complex datasets. You're proficient with BI tools (like Sigma) for exploration and visualization. Experience with Python or R for statistical analysis or modeling is a major plus, aligning with our AI-first approach. Analytical Mindset: You excel at breaking down ambiguous problems, formulating hypotheses, conducting deep-dive analyses, and synthesizing findings into actionable insights. You think critically about data quality and context. Communication & Storytelling: You can clearly communicate complex findings and the ""story"" behind the data to diverse audiences, both technical and non-technical. You create compelling visualizations and narratives. Collaboration & Influence: You build strong relationships and work effectively with cross-functional teams. You can translate business needs into analytical questions and influence decisions with data. Proactive & Curious: You don't wait for instructions; you proactively explore data, ask probing questions, and seek out opportunities to drive impact. You're eager to learn and apply new analytical techniques. AI Ready : While you don’t need to be an AI expert, you need to be exploring the future of AI on analytics, data engineering and business intelligence and ready to make decisions that lay the groundwork for an AI centric data estate Why Atlan for You? At Atlan, we believe the future belongs to the humans of data. From curing diseases to advancing space exploration, data teams are powering humanity's greatest achievements. Yet, working with data can be chaotic—our mission is to transform that experience. We're reimagining how data teams collaborate by building the home they deserve, enabling them to create winning data cultures and drive meaningful progress. Joining Atlan means: Ownership from Day One : Whether you're an intern or a full-time teammate, you’ll own impactful projects, chart your growth, and collaborate with some of the best minds in the industry. Limitless Opportunities : At Atlan, your growth has no boundaries. If you’re ready to take initiative, the sky’s the limit. A Global Data Community : We’re deeply embedded in the modern data stack, contributing to open-source projects, sponsoring meet-ups, and empowering team members to grow through conferences and learning opportunities. As a fast-growing, fully remote company trusted by global leaders like Cisco, Nasdaq, and HubSpot, we’re creating a category-defining platform for data and AI governance. Backed by top investors, we’ve achieved 7X revenue growth in two years and are building a talented team spanning 15+ countries. If you’re ready to do your life’s best work and help shape the future of data collaboration, join Atlan and become part of a mission to empower the humans of data to achieve more, together. We are an equal opportunity employer At Atlan, we’re committed to helping data teams do their lives’ best work. We believe that diversity and authenticity are the cornerstones of innovation, and by embracing varied perspectives and experiences, we can create a workplace where everyone thrives. Atlan is proud to be an equal opportunity employer and does not discriminate based on race, color, religion, national origin, age, disability, sex, gender identity or expression, sexual orientation, marital status, military or veteran status, or any other characteristic protected by law.",2025-04-15T08:50:33,full_time,ashbyhq,https://jobs.ashbyhq.com/atlan/bc2d3b7c-d21d-463a-b400-ca1c83b893cb?utm_source=remotive.com&ref=remotive.com,Remotive.com,,,"title: Senior Data Analyst
company: Atlan
location: India
description: Data is at the core of modern business, yet many teams struggle with its overwhelming volume and complexity. At Atlan, we’re changing that. As the world’s first active metadata platform, we help organisations transform data chaos into clarity and seamless collaboration. From Fortune 500 leaders to hyper-growth startups, from automotive innovators redefining mobility to healthcare organisations saving lives, and from Wall Street powerhouses to Silicon Valley trailblazers — we empower ambitious teams across industries to unlock the full potential of their data. Recognised as leaders by Gartner and Forrester and backed by Insight Partners, Atlan is at the forefront of reimagining how humans and data work together. Joining us means becoming part of a movement to shape a future where data drives extraordinary outcomes. Why is this role important for us? Atlan thrives on making smart, data-informed decisions. As a Senior Data Analyst, you are central to this. You'll dive deep into our data to uncover critical insights that others miss. You won't just report numbers; you'll translate data into clear stories and actionable recommendations. Your work will directly shape strategy, guide cross-functional teams, and accelerate Atlan's growth by ensuring we act on robust evidence and insights, approached with an AI-first mindset. What is your mission? Your mission is to be a catalyst for data-driven decision-making across Atlan. You will partner closely with various teams (like Product, Marketing, Sales, and Success) to understand their challenges and opportunities. You'll conduct in-depth analyses, design experiments, and identify key trends using SQL, our BI platform (Sigma), and potentially Python/R for advanced techniques. You will champion an AI-first approach to analysis, seeking innovative ways to extract deeper meaning. Your goal is to deliver compelling insights and clear recommendations that empower your stakeholders to achieve better outcomes. What makes you an ideal match? We're looking for a curious, analytical, and collaborative individual passionate about using data to solve problems. Technical Skills: You have strong SQL skills and experience wrangling complex datasets. You're proficient with BI tools (like Sigma) for exploration and visualization. Experience with Python or R for statistical analysis or modeling is a major plus, aligning with our AI-first approach. Analytical Mindset: You excel at breaking down ambiguous problems, formulating hypotheses, conducting deep-dive analyses, and synthesizing findings into actionable insights. You think critically about data quality and context. Communication & Storytelling: You can clearly communicate complex findings and the ""story"" behind the data to diverse audiences, both technical and non-technical. You create compelling visualizations and narratives. Collaboration & Influence: You build strong relationships and work effectively with cross-functional teams. You can translate business needs into analytical questions and influence decisions with data. Proactive & Curious: You don't wait for instructions; you proactively explore data, ask probing questions, and seek out opportunities to drive impact. You're eager to learn and apply new analytical techniques. AI Ready : While you don’t need to be an AI expert, you need to be exploring the future of AI on analytics, data engineering and business intelligence and ready to make decisions that lay the groundwork for an AI centric data estate Why Atlan for You? At Atlan, we believe the future belongs to the humans of data. From curing diseases to advancing space exploration, data teams are powering humanity's greatest achievements. Yet, working with data can be chaotic—our mission is to transform that experience. We're reimagining how data teams collaborate by building the home they deserve, enabling them to create winning data cultures and drive meaningful progress. Joining Atlan means: Ownership from Day One : Whether you're an intern or a full-time teammate, you’ll own impactful projects, chart your growth, and collaborate with some of the best minds in the industry. Limitless Opportunities : At Atlan, your growth has no boundaries. If you’re ready to take initiative, the sky’s the limit. A Global Data Community : We’re deeply embedded in the modern data stack, contributing to open-source projects, sponsoring meet-ups, and empowering team members to grow through conferences and learning opportunities. As a fast-growing, fully remote company trusted by global leaders like Cisco, Nasdaq, and HubSpot, we’re creating a category-defining platform for data and AI governance. Backed by top investors, we’ve achieved 7X revenue growth in two years and are building a talented team spanning 15+ countries. If you’re ready to do your life’s best work and help shape the future of data collaboration, join Atlan and become part of a mission to empower the humans of data to achieve more, together. We are an equal opportunity employer At Atlan, we’re committed to helping data teams do their lives’ best work. We believe that diversity and authenticity are the cornerstones of innovation, and by embracing varied perspectives and experiences, we can create a workplace where everyone thrives. Atlan is proud to be an equal opportunity employer and does not discriminate based on race, color, religion, national origin, age, disability, sex, gender identity or expression, sexual orientation, marital status, military or veteran status, or any other characteristic protected by law.",,,,
Revenue Operations Analyst,Nivoda,South Africa,"Revenue Operations Analyst Reporting Manager: VP of Sales Location: Remote within South Africa (US and European Hours) Salary Range: R480k - R600k per annum About Us Nivoda’s growth trajectory has skyrocketed over the past 12 months, and we continue to expand across new regions at an unprecedented pace. Our DNA centers on understanding our customers' needs and offering them a seamless experience. With a growing team based in major cities worldwide, including London, New York, Hong Kong, and Mumbai, Nivoda is becoming the go-to marketplace for the global jewellery industry. We aim to be bold, innovative, and relentless in our pursuit of excellence as we transform an industry steeped in tradition. As Revenue Operations Analyst you will provide the leading analytics and insights that improve our processes, optimise our profitability, and power the Buyer & Supplier Sales, Customer Support and Events teams to scale to 10-figure GMV. About the Role The Revenue Operations Analyst supports the day-to-day operations of the sales team. Working closely with the Revenue operations Leader, Global VP of Sales, and Category General Managers, you provide insights to resolve all levels of business problems. From ad-hoc checking of sales team commission to strategic pieces of analysis that shape the direction of the business, this role is vital to enable the revenue team to grow the business. This isn’t just an operational role—it's about blending strategic insights with technical acumen to enable business growth Key responsibilities include: Data Analysis and Reporting Analyze revenue performance metrics across sales, marketing, and customer success Develop and maintain dashboards, reports, and KPIs to track progress toward revenue goals using Tableau, ThoughtSpot, HubSpot Provide actionable insights based on data to improve processes and revenue outcomes Proactively identify opportunities through data analysis Support the sales team with ad-hoc queries against their targets Process Optimisation Identify inefficiencies in current workflows and recommend improvements. Assist in the design and implementation of scalable processes or projects to support revenue growth Document processes and ensure compliance with best practices Systems and Tools Management Manage and optimize CRM tools: HubSpot, Tofu, Clay Ensure accurate and consistent data across internal and 3rd party platforms Train team members on tools and systems to help the team to self serve Cross-Functional Collaboration Act as a bridge between sales and other departments - be the sales data ambassador Collaborate with stakeholders to identify challenges and develop strategies to address them Forecasting and Planning Support revenue forecasting and pipeline management by analyzing historical trends and current data Assist in creating budgets and setting performance targets for revenue teams Support sales lead allocation Support sales commission structures and incentive plans Key Skills Strong analytical and problem-solving skills, with expertise in Excel, SQL, Python and/or BI tools (e.g., Tableau, Looker, Power BI) Proficiency in CRM platforms like HubSpot, Salesforce. Excellent communication and interpersonal skills for cross-functional collaboration Proven ability to manage multiple projects and meet deadlines in a fast-paced environment Detail-oriented with a focus on accuracy and quality of work Profile 2+ years of experience as a data analyst in a commercial role What Nivoda Offers: Fast-paced and multinational working environment. Collaboration with global teams offering diverse experiences and perspectives. The opportunity to be part of a hyper-growth scale-up. Flexibility with remote working. Generous holiday allowance. Medical aid through Discovery",2025-04-13T08:51:17,full_time,ashbyhq,https://jobs.ashbyhq.com/nivoda/f6e11fb1-c54d-4456-8cf5-0ec93ea8d3e4?utm_source=remotive.com&ref=remotive.com,Remotive.com,,r480k - r600k per annum,"title: Revenue Operations Analyst
company: Nivoda
location: South Africa
description: Revenue Operations Analyst Reporting Manager: VP of Sales Location: Remote within South Africa (US and European Hours) Salary Range: R480k - R600k per annum About Us Nivoda’s growth trajectory has skyrocketed over the past 12 months, and we continue to expand across new regions at an unprecedented pace. Our DNA centers on understanding our customers' needs and offering them a seamless experience. With a growing team based in major cities worldwide, including London, New York, Hong Kong, and Mumbai, Nivoda is becoming the go-to marketplace for the global jewellery industry. We aim to be bold, innovative, and relentless in our pursuit of excellence as we transform an industry steeped in tradition. As Revenue Operations Analyst you will provide the leading analytics and insights that improve our processes, optimise our profitability, and power the Buyer & Supplier Sales, Customer Support and Events teams to scale to 10-figure GMV. About the Role The Revenue Operations Analyst supports the day-to-day operations of the sales team. Working closely with the Revenue operations Leader, Global VP of Sales, and Category General Managers, you provide insights to resolve all levels of business problems. From ad-hoc checking of sales team commission to strategic pieces of analysis that shape the direction of the business, this role is vital to enable the revenue team to grow the business. This isn’t just an operational role—it's about blending strategic insights with technical acumen to enable business growth Key responsibilities include: Data Analysis and Reporting Analyze revenue performance metrics across sales, marketing, and customer success Develop and maintain dashboards, reports, and KPIs to track progress toward revenue goals using Tableau, ThoughtSpot, HubSpot Provide actionable insights based on data to improve processes and revenue outcomes Proactively identify opportunities through data analysis Support the sales team with ad-hoc queries against their targets Process Optimisation Identify inefficiencies in current workflows and recommend improvements. Assist in the design and implementation of scalable processes or projects to support revenue growth Document processes and ensure compliance with best practices Systems and Tools Management Manage and optimize CRM tools: HubSpot, Tofu, Clay Ensure accurate and consistent data across internal and 3rd party platforms Train team members on tools and systems to help the team to self serve Cross-Functional Collaboration Act as a bridge between sales and other departments - be the sales data ambassador Collaborate with stakeholders to identify challenges and develop strategies to address them Forecasting and Planning Support revenue forecasting and pipeline management by analyzing historical trends and current data Assist in creating budgets and setting performance targets for revenue teams Support sales lead allocation Support sales commission structures and incentive plans Key Skills Strong analytical and problem-solving skills, with expertise in Excel, SQL, Python and/or BI tools (e.g., Tableau, Looker, Power BI) Proficiency in CRM platforms like HubSpot, Salesforce. Excellent communication and interpersonal skills for cross-functional collaboration Proven ability to manage multiple projects and meet deadlines in a fast-paced environment Detail-oriented with a focus on accuracy and quality of work Profile 2+ years of experience as a data analyst in a commercial role What Nivoda Offers: Fast-paced and multinational working environment. Collaboration with global teams offering diverse experiences and perspectives. The opportunity to be part of a hyper-growth scale-up. Flexibility with remote working. Generous holiday allowance. Medical aid through Discovery",,,,
Data Scientist,Goodparty,USA,"Overview We are looking for a part-time (20-30 hours/week) data scientist or data analyst to contract with us on building internal reporting dashboards in Tableau for GoodParty.org , where our mission is to make people matter more than money in our democracy . This role is primarily focused on dashboard development and minor data transformation, supporting various teams across the organization. You will work with an existing data science contractor and collaborate with team leads as key stakeholders. This is a contract position for 4-6 weeks depending on start date, with the potential to extend. About GoodParty.org : GoodParty.org is empowering Independents to run, win, and serve so we can transform civic leadership. In 2024, we helped elect 3,444 Independent candidates into local offices across 48 states. Why? Americans – especially young people – have been losing faith in democracy. The rigged, two-party system has turned “Independent” into a dirty word. Voters are trapped between choosing the lesser of two evils or sitting out elections altogether. A majority of eligible voters (over 130M Americans), including more than half of Millennials and Gen Z, say that neither Republicans nor Democrats represent them. But they keep getting re-elected! Whether you’re concerned about healthcare costs, wars, the environment, our individual freedoms, or inequality, many great solutions are held back by the dark doom loop of dysfunctional partisan politics. While mainstream media and the two major parties focus on federal elections (Congress and the President), GoodParty.org is building from the bottom up. With over 500,000 elected offices in the United States—70% of which are uncontested—GoodParty.org is powering the movement to reclaim our communities from career politicians. We’re helping independents in local and state-level campaigns nationwide. Together, we’re building a truly representative democracy where society’s biggest problems are solved. How? GoodParty.org empowers independents to run, win, and serve in public office without the influence of partisan or big-money support. Through our free, AI-powered tools, we enable independent candidates to prioritize people over parties and community over corporate funding, transforming real people into civic heroes. We’re a platform, not a political party. And, it’s working! Starting with 11 wins in the 2023 election cycle, GoodParty.org set an audacious goal for 1,000 wins in 2024. We beat expectations – 3,444 candidates won this past November and are serving in office across 48 states! 40.3 million voters (26% of all 2024 voters) cast a ballot for our 6,317 candidates. Our general election win rate was 54.5%. Looking ahead, we’re building on our momentum and expanding our product offerings to help candidates deliver on their promises and serve their constituents effectively. Candidates who partner with us come from across the ideological spectrum and pledge to uphold people-powered principles, anti-corruption practices, and a commitment to civility. Together, we aim to transform civic leadership, bringing real accountability to public service and setting a new standard of leaders who prioritize the people they serve. GoodParty.org is founded by serial entrepreneur, Farhad Mohit , with over $1B in exits — Flipagram (now TikTok), Shopzilla, and BizRate. What you’ll do: Develop and refine internal-facing Tableau dashboards based on stakeholder requirements. Perform minor data transformations to ensure data is visualization-ready (may involve direct work in Databricks, PostgreSQL, or dbt). Assist with wireframing dashboard layouts and interpreting metrics. Collaborate with team leads and the data science contractor to align dashboards with organizational goals. Test and iterate on visualizations to optimize usability and insight delivery for cross-functional teams. Who you are: Strong expertise in Tableau, with a focus on building dashboards and applying data visualization best practices. 3+ years experience as a data analyst or data scientist. Experience with tools like Databricks, PostgreSQL, or dbt for light data transformation tasks. Familiarity with Figma, Balsamiq, or similar wireframing tools for designing dashboard layouts. Comfort with developing and refining internal Tableau dashboards based on stakeholder needs. Ability to thrive in a part-time contractor role, committing 20-30 hours per week for a minimum of 4 weeks, with potential for extension. Bonus if: You have familiarity with political/election reporting metrics You have worked at a data-driven startup You have experience studying, working, or volunteering in politics, political activism, or democracy reform You’re sick of sitting on the sidelines watching our democracy fail to meet its potential Why you should work at GoodParty.org : Join us in solving the biggest problem of our time – fixing our democracy – so all other problems can be solved. We’re a Public Benefit Corporation that prioritizes social impact over making money. Work where and how you like, on a fully remote team spread across the country. Join a passionate team with diverse political views focused on one mission. We’re fully funded for our mission. No stressing over whether the next round of funding will come through. Focus on making an impact. That’s what matters here. The pay rate for this remote contractor position will be between $45 to $60 per hour. This range reflects the range of possible compensation for this role at the time of this posting. We may ultimately pay more or less than the posted range. The hourly rate will be based on several factors including, but not limited to, relevant experience, skills, seniority, education, qualifications, certifications, and organizational needs. We reserve the right to modify this pay range at any time. We are not considering candidates currently based outside of the US, so please only apply if you are physically located in the US. Unfortunately, we are not able to provide sponsorship for any of our roles at this time. Interested candidates should submit: Resume outlining relevant experience",2025-03-19T00:50:40,contract,ashbyhq,https://jobs.ashbyhq.com/goodparty/325a7951-7ad8-48c5-a09f-8c92f9aa3a72?utm_source=remotive.com&ref=remotive.com,Remotive.com,,$45 to $60 per hour,"title: Data Scientist
company: Goodparty
location: USA
description: Overview We are looking for a part-time (20-30 hours/week) data scientist or data analyst to contract with us on building internal reporting dashboards in Tableau for GoodParty.org , where our mission is to make people matter more than money in our democracy . This role is primarily focused on dashboard development and minor data transformation, supporting various teams across the organization. You will work with an existing data science contractor and collaborate with team leads as key stakeholders. This is a contract position for 4-6 weeks depending on start date, with the potential to extend. About GoodParty.org : GoodParty.org is empowering Independents to run, win, and serve so we can transform civic leadership. In 2024, we helped elect 3,444 Independent candidates into local offices across 48 states. Why? Americans – especially young people – have been losing faith in democracy. The rigged, two-party system has turned “Independent” into a dirty word. Voters are trapped between choosing the lesser of two evils or sitting out elections altogether. A majority of eligible voters (over 130M Americans), including more than half of Millennials and Gen Z, say that neither Republicans nor Democrats represent them. But they keep getting re-elected! Whether you’re concerned about healthcare costs, wars, the environment, our individual freedoms, or inequality, many great solutions are held back by the dark doom loop of dysfunctional partisan politics. While mainstream media and the two major parties focus on federal elections (Congress and the President), GoodParty.org is building from the bottom up. With over 500,000 elected offices in the United States—70% of which are uncontested—GoodParty.org is powering the movement to reclaim our communities from career politicians. We’re helping independents in local and state-level campaigns nationwide. Together, we’re building a truly representative democracy where society’s biggest problems are solved. How? GoodParty.org empowers independents to run, win, and serve in public office without the influence of partisan or big-money support. Through our free, AI-powered tools, we enable independent candidates to prioritize people over parties and community over corporate funding, transforming real people into civic heroes. We’re a platform, not a political party. And, it’s working! Starting with 11 wins in the 2023 election cycle, GoodParty.org set an audacious goal for 1,000 wins in 2024. We beat expectations – 3,444 candidates won this past November and are serving in office across 48 states! 40.3 million voters (26% of all 2024 voters) cast a ballot for our 6,317 candidates. Our general election win rate was 54.5%. Looking ahead, we’re building on our momentum and expanding our product offerings to help candidates deliver on their promises and serve their constituents effectively. Candidates who partner with us come from across the ideological spectrum and pledge to uphold people-powered principles, anti-corruption practices, and a commitment to civility. Together, we aim to transform civic leadership, bringing real accountability to public service and setting a new standard of leaders who prioritize the people they serve. GoodParty.org is founded by serial entrepreneur, Farhad Mohit , with over $1B in exits — Flipagram (now TikTok), Shopzilla, and BizRate. What you’ll do: Develop and refine internal-facing Tableau dashboards based on stakeholder requirements. Perform minor data transformations to ensure data is visualization-ready (may involve direct work in Databricks, PostgreSQL, or dbt). Assist with wireframing dashboard layouts and interpreting metrics. Collaborate with team leads and the data science contractor to align dashboards with organizational goals. Test and iterate on visualizations to optimize usability and insight delivery for cross-functional teams. Who you are: Strong expertise in Tableau, with a focus on building dashboards and applying data visualization best practices. 3+ years experience as a data analyst or data scientist. Experience with tools like Databricks, PostgreSQL, or dbt for light data transformation tasks. Familiarity with Figma, Balsamiq, or similar wireframing tools for designing dashboard layouts. Comfort with developing and refining internal Tableau dashboards based on stakeholder needs. Ability to thrive in a part-time contractor role, committing 20-30 hours per week for a minimum of 4 weeks, with potential for extension. Bonus if: You have familiarity with political/election reporting metrics You have worked at a data-driven startup You have experience studying, working, or volunteering in politics, political activism, or democracy reform You’re sick of sitting on the sidelines watching our democracy fail to meet its potential Why you should work at GoodParty.org : Join us in solving the biggest problem of our time – fixing our democracy – so all other problems can be solved. We’re a Public Benefit Corporation that prioritizes social impact over making money. Work where and how you like, on a fully remote team spread across the country. Join a passionate team with diverse political views focused on one mission. We’re fully funded for our mission. No stressing over whether the next round of funding will come through. Focus on making an impact. That’s what matters here. The pay rate for this remote contractor position will be between $45 to $60 per hour. This range reflects the range of possible compensation for this role at the time of this posting. We may ultimately pay more or less than the posted range. The hourly rate will be based on several factors including, but not limited to, relevant experience, skills, seniority, education, qualifications, certifications, and organizational needs. We reserve the right to modify this pay range at any time. We are not considering candidates currently based outside of the US, so please only apply if you are physically located in the US. Unfortunately, we are not able to provide sponsorship for any of our roles at this time. Interested candidates should submit: Resume outlining relevant experience",,,,
